qseqid,sseqid,evalue,bitscore,pident,qcov,qseq,sseq
B3EWF4,3MOZ_A,0.013,35,22.034,54,ALSKKIENFESYIEDLKSEARECIPLYNDCTAFKYNNNCCKDPEKKYQYKCSCIVCKEG,ARAERPQDFEGFVWRLDNDGKEALP-----RNFRTSADALRAPEKKFHLDAAYVPSREG
B3EWF4,3MMJ_A,0.013,35,22.034,54,ALSKKIENFESYIEDLKSEARECIPLYNDCTAFKYNNNCCKDPEKKYQYKCSCIVCKEG,ARAERPQDFEGFVWRLDNDGKEALP-----RNFRTSADALRAPEKKFHLDAAYVPSREG
B3EWF4,4JBC_A,0.029,34.3,21.311,56,ALSKKIENFESYIEDLKSEARECIPLYNDCTAFKYNNNCCKDPEKKYQYKCSCIVCKEGKE,ARAERPQDFEGFVWRLLNDGKEALP-----RNFRTSADALRAPEKKFHLDAAYVPSREGXD
B3EWF4,2MZF_A,0.56,28.9,27.632,67,ARECIPLYNDCTAFKYNNNCCKDPEKKYQYKCSCIVCKEGKEQ---CTCQRKETVESMMKCVRFVKKVGEKVIEKV,AKACTPLLHDCSHDRHS--CCRG--DMFKYVCDCFY-PEGEDKTEVCSCQQPKS-----------HKIAEKIIDKA
B3EWF4,1U24_A,0.6,30.4,21.311,56,ALSKKIENFESYIEDLKSEARECIPLYNDCTAFKYNNNCCKDPEKKYQYKCSCIVCKEGKE,ARAERPQDFEGFVWRLDNDGKEALP-----RNFRTSADALRAPEKKFHLDAAYVPSREGXD
B3EWF4,2B4U_A,0.6,30.4,21.311,56,ALSKKIENFESYIEDLKSEARECIPLYNDCTAFKYNNNCCKDPEKKYQYKCSCIVCKEGKE,ARAERPQDFEGFVWRLDNDGKEALP-----RNFRTSADALRAPEKKFHLDAAYVPSREGXD
B3EWF4,2B4P_A,0.8,30,21.311,56,ALSKKIENFESYIEDLKSEARECIPLYNDCTAFKYNNNCCKDPEKKYQYKCSCIVCKEGKE,ARAERPQDFEGFVWRLDNDGKEALP-----RNFRTSADALRAPEKKFHLDAAYVPSREGMD
B3EWF4,2B4O_A,0.8,30,21.311,56,ALSKKIENFESYIEDLKSEARECIPLYNDCTAFKYNNNCCKDPEKKYQYKCSCIVCKEGKE,ARAERPQDFEGFVWRLDNDGKEALP-----RNFRTSADALRAPEKKFHLDAAYVPSREGMD
B3EWF4,1U26_A,0.8,30,21.311,56,ALSKKIENFESYIEDLKSEARECIPLYNDCTAFKYNNNCCKDPEKKYQYKCSCIVCKEGKE,ARAERPQDFEGFVWRLDNDGKEALP-----RNFRTSADALRAPEKKFHLDAAYVPSREGMD
B3EWF4,2PSZ_A,0.8,30,21.311,56,ALSKKIENFESYIEDLKSEARECIPLYNDCTAFKYNNNCCKDPEKKYQYKCSCIVCKEGKE,ARAERPQDFEGFVWRLDNDGKEALP-----RNFRTSADALRAPEKKFHLDAAYVPSREGMD
B3EWF4,2PT0_A,0.8,30,21.311,56,ALSKKIENFESYIEDLKSEARECIPLYNDCTAFKYNNNCCKDPEKKYQYKCSCIVCKEGKE,ARAERPQDFEGFVWRLDNDGKEALP-----RNFRTSADALRAPEKKFHLDAAYVPSREGMD
B3EWF4,3O3L_A,0.8,30,21.311,56,ALSKKIENFESYIEDLKSEARECIPLYNDCTAFKYNNNCCKDPEKKYQYKCSCIVCKEGKE,ARAERPQDFEGFVWRLDNDGKEALP-----RNFRTSADALRAPEKKFHLDAAYVPSREGMD
B3EWF4,4WTY_A,0.8,30,21.311,56,ALSKKIENFESYIEDLKSEARECIPLYNDCTAFKYNNNCCKDPEKKYQYKCSCIVCKEGKE,ARAERPQDFEGFVWRLDNDGKEALP-----RNFRTSADALRAPEKKFHLDAAYVPSREGMD
B3EWF4,5XSY_A,3.3,28.5,35.714,26,IEDLKSEARECIPLYNDCTAFKYNNNCC,LEDLEAARRPCPPVWYKFAGFVFKWNCC
B3EWF4,6G03_A,4.7,27.3,37.5,35,QSALSKKIENFESYIEDLKSE--ARECIPLYNDCTAFKYN,ETLLYAMIDEFETNVEDDSALPIAVEVINIYNDCFNLNYN
B3EWF4,7SGL_A,7.1,27.3,30,46,KDPEKKYQYKCSCIVCKEGKEQCTCQRKETVESMMKCVRFVKKVGEKVIE,EDPEK---YSCFALFVKFGKEVAVKMKQYKDELLASCLTFLLSLPHNIIE
B3EWF4,5W1R_A,7.1,27.3,30,46,KDPEKKYQYKCSCIVCKEGKEQCTCQRKETVESMMKCVRFVKKVGEKVIE,EDPEK---YSCFALFVKFGKEVAVKMKQYKDELLASCLTFLLSLPHNIIE
B3EWF4,7NFC_A,7.1,27.3,30,46,KDPEKKYQYKCSCIVCKEGKEQCTCQRKETVESMMKCVRFVKKVGEKVIE,EDPEK---YSCFALFVKFGKEVAVKMKQYKDELLASCLTFLLSLPHNIIE
B3EWF4,6ZFP_A,7.1,27.3,30,46,KDPEKKYQYKCSCIVCKEGKEQCTCQRKETVESMMKCVRFVKKVGEKVIE,EDPEK---YSCFALFVKFGKEVAVKMKQYKDELLASCLTFLLSLPHNIIE
B3EWF4,5Y3R_C,7.2,27.3,30,46,KDPEKKYQYKCSCIVCKEGKEQCTCQRKETVESMMKCVRFVKKVGEKVIE,EDPEK---YSCFALFVKFGKEVAVKMKQYKDELLASCLTFLLSLPHNIIE
B3EWF4,6TME_A,7.2,27.3,25.397,54,KIENFESYIEDLKSEARECIPLYNDCTAFKYNNNCCKD-PEKKYQYKCSCIVCKE---GKEQC,KLSNFTFSYNFFNGEAQSCVPGSSQEKQFDDTSNCLQNRPNQKSAKECLPVVSRPVDCSKDKC
B3EWF4,6QWN_A,7.2,27.3,25.397,54,KIENFESYIEDLKSEARECIPLYNDCTAFKYNNNCCKD-PEKKYQYKCSCIVCKE---GKEQC,KLSNFTFSYNFFNGEAQSCVPGSSQEKQFDDTSNCLQNRPNQKSAKECLPVVSRPVDCSKDKC
B3EWF4,7K17_A,7.6,27.3,30,46,KDPEKKYQYKCSCIVCKEGKEQCTCQRKETVESMMKCVRFVKKVGEKVIE,EDPEK---YSCFALFVKFGKEVAVKMKQYKDELLASCLTFLLSLPHNIIE
B3EWF4,5LUQ_A,8.4,27.3,30,46,KDPEKKYQYKCSCIVCKEGKEQCTCQRKETVESMMKCVRFVKKVGEKVIE,EDPEK---YSCFALFVKFGKEVAVKXKQYKDELLASCLTFLLSLPHNIIE
B3EWF5,2MZF_A,0.79,28.5,32.075,46,ARECIPLYNDCKEFKYNNNCCKDPEKKYQYKCSCIMCEGGE--EQCTCQRKET,AKACTPLLHDCSHDRHS--CCRG--DMFKYVCDCFYPEGEDKTEVCSCQQPKS
B3EWF5,6K0A_C,3.6,28.1,24.324,67,ALCFFILQTALSEDKYESFESYVEDLKSGNMKGEARECIPLYNDCKEFKYNNNCCKDPEKKYQYKCSCIMCEGG,GFVFYQYDDEFSKDRYEEVKAIAESYK-----------LKVYSGVKIKTESSKQLRDKVKKFRNKCHIILIEGG
B3EWF5,6TME_A,4.6,27.7,34.286,31,GEARECIPLYNDCKEFKYNNNCCKD-PEKKYQYKC,GEAQSCVPGSSQEKQFDDTSNCLQNRPNQKSAKEC
B3EWF5,6QWN_A,4.7,27.7,34.286,31,GEARECIPLYNDCKEFKYNNNCCKD-PEKKYQYKC,GEAQSCVPGSSQEKQFDDTSNCLQNRPNQKSAKEC
B3EWF6,2MZF_A,0.013,33.1,35.849,45,ARECVPLENDCTKLKYSNPCCKDEKKKYQYKCSCIV----DKTEQCTCQRKET,AKACTPLLHDCSHDRHS--CCRGDM--FKYVCDCFYPEGEDKTEVCSCQQPKS
B3EWF6,4GN1_A,1.1,29.6,27.174,81,EDTYEDLQNYIENLINENQDEARECVPLENDCTKLKYSNPCCKDEKKKYQYKCSCIVDKT-----EQCTCQRKETVEKMMKGMKYIKNLGKK,ERIFEDHENLVENLLNWTRDSQNKLIFMERIEKYALFKNPQNYLLGKK---ETAEMADRNKEVLLEECFCGSSVTVPE-IEGVLWLKDDGKK
B3EWF6,4GMV_A,1.4,29.3,27.174,81,EDTYEDLQNYIENLINENQDEARECVPLENDCTKLKYSNPCCKDEKKKYQYKCSCIVDKT-----EQCTCQRKETVEKMMKGMKYIKNLGKK,ERIFEDHENLVENLLNWTRDSQNKLIFMERIEKYALFKNPQNYLLGKK---ETAEMADRNKEVLLEECFCGSSVTVPE-IEGVLWLKDDGKK
B3EWF6,5VTS_A,2.1,28.5,37.5,30,YEDLQNYIENLINENQDEARECVPLENDCTKL,FGDHTEKVFNLMMEVADRATDCVPLASDASTL
B3EWF6,5VTT_A,2.1,28.5,37.5,30,YEDLQNYIENLINENQDEARECVPLENDCTKL,FGDHTEKVFNLMMEVADRATDCVPLASDASTL
B3EWF6,7ACP_A,2.1,28.5,37.5,30,YEDLQNYIENLINENQDEARECVPLENDCTKL,FGDHTEKVFNLMMEVADRATDCVPLASDASTL
B3EWF6,3IXF_A,2.2,28.1,37.5,30,YEDLQNYIENLINENQDEARECVPLENDCTKL,FGDHTEKVFNLMMEVADRATDCVPLASDASTL
B3EWF6,5V5Q_A,2.2,28.1,37.5,30,YEDLQNYIENLINENQDEARECVPLENDCTKL,FGDHTEKVFNLMMEVADRATDCVPLASDASTL
B3EWF6,5VLX_A,2.4,28.1,37.5,30,YEDLQNYIENLINENQDEARECVPLENDCTKL,FGDHTEKVFNLMMEVADRATDCVPLASDASTL
B3EWF6,4RKF_A,2.5,28.5,27.273,41,ALCFILLQNVLGEDTYEDLQNYIENLINENQDEARECVPLENDC,AMGFILMYDVTNEDSFNSVQDWVTQIKTYSWDNA-QVILVGNKC
B3EWF6,4JAC_A,3.7,27.7,37.5,30,YEDLQNYIENLINENQDEARECVPLENDCTKL,FGDHSEKVFNLMMEVADRATDCVPLASDANTL
B3EWF6,3OJ1_A,4,27.7,37.838,34,LGEDTYEDLQNYIENLINENQDEARECVPLENDCTKL,FGDDTEK-----VFNLMMEVADRATDCVPLASDANTL
B3EWF6,4HSW_A,5.5,27.3,37.5,30,YEDLQNYIENLINENQDEARECVPLENDCTKL,FGDHTEKVFNLMMEVADRATDCVPLASDANTL
B3EWF6,1EW6_A,5.6,26.9,37.5,30,YEDLQNYIENLINENQDEARECVPLENDCTKL,FGDHTEKVFNLMMEVADRATDCVPLASDANTL
B3EWF6,5V5R_A,5.7,26.9,37.5,30,YEDLQNYIENLINENQDEARECVPLENDCTKL,FGDHTEKVFNLMMEVADRATDCVPLASDANTL
B3EWF6,4KN3_A,5.8,26.9,37.5,30,YEDLQNYIENLINENQDEARECVPLENDCTKL,FGDHTEKVFNLMMEVADRATDCVPLASDANTL
B3EWF6,4KMW_A,6.1,26.9,37.5,30,YEDLQNYIENLINENQDEARECVPLENDCTKL,FGDHTEKVFNLMMEVADRATDCVPLASDANTL
B3EWF6,3MYN_A,6.4,26.9,37.5,30,YEDLQNYIENLINENQDEARECVPLENDCTKL,FGDHTEKVFNLMMEVADRATDCVPLASDANTL
B3EWF6,7MNH_A,6.7,26.9,47.826,21,NLINENQDEARECVPLENDCTKL,NLMMEVADRATDCVPLASDANTL
B3EWF6,3MYM_A,6.7,26.9,37.5,30,YEDLQNYIENLINENQDEARECVPLENDCTKL,FGDHTEKVFNLMMEVADRATDCVPLASDANTL
B3EWF6,3K3U_A,7.1,26.9,47.826,21,NLINENQDEARECVPLENDCTKL,NLMMEVADRATDCVPLASDANTL
B3EWF6,3MWG_A,8.4,26.9,29.545,81,NVLGEDTYEDLQNYIENLINENQDEARECVPLEN-DCTKLKYSNPCCKDEKKKYQYKCSCIVDKTEQCTCQRKETVEKMMKGMKYIKN,NDLGFKRNKDLQKQVDNGKDIIQLTSKESIPLXNADHIFVVKSDPNAKD---------AALVKKTESEWTSSKE-----WKNLDAVKN
1CN2,2YBR_C,3.43E-44,137,100,99,KEGYLVDKNTGCKYECLKLGDNDYCLRECKQQYGKGAGGYCYAFACWCTHLYEQAIVWPLPNKRCS,KEGYLVDKNTGCKYECLKLGDNDYCLRECKQQYGKGAGGYCYAFACWCTHLYEQAIVWPLPNKRCS
1CN2,1CN2_A,3.52E-44,137,100,99,KEGYLVDKNTGCKYECLKLGDNDYCLRECKQQYGKGAGGYCYAFACWCTHLYEQAIVWPLPNKRCS,KEGYLVDKNTGCKYECLKLGDNDYCLRECKQQYGKGAGGYCYAFACWCTHLYEQAIVWPLPNKRCS
1CN2,2LJM_A,1.87E-40,128,89.394,99,KEGYLVDKNTGCKYECLKLGDNDYCLRECKQQYGKGAGGYCYAFACWCTHLYEQAIVWPLPNKRCS,KEGYLVSKSTGCKYECLKLGDNDYCLRECKQQYGKSSGGYCYAFACWCTHLYEQAVVWPLPNKTCN
1CN2,2LI7_A,2.81E-40,127,89.394,99,KEGYLVDKNTGCKYECLKLGDNDYCLRECKQQYGKGAGGYCYAFACWCTHLYEQAIVWPLPNKRCS,KEGYLVSKSTGCKYECLKLGDNDYCLRECKQQYGKSSGGYCYAFACWCTHLYEQAVVWPLPNKTCN
1CN2,6VXW_A,5.49E-35,114,80,97,KEGYLVDKNTGCKYECLKLGDNDYCLRECKQQYGKGAGGYCYAFACWCTHLYEQAIVWPLPNKRC,KEGYLVDYHTGCKYTCAKLGDNDYCVRECRLRYYQSAHGYCYAFACWCTHLYEQAVVWPLPNKRC
1CN2,1JZA_A,8.85E-24,85.9,63.636,99,KEGYLVDKNTGCKYECLKLGDNDYCLRECKQQYGKGAGGYCYAFACWCTHLYEQAIVWPLPNKRCS,KEGYLVNKSTGCKYGCLKLGENEGCDKECKAKNQGGSYGYCYAFACWCEGLPESTPTYPLPNKSCS
1CN2,2KJA_A,7.21E-22,80.9,60.606,99,KEGYLVDKNTGCKYECLKLGDNDYCLRECKQQYGKGAGGYCYAFACWCTHLYEQAIVWPLPNKRCS,KEGYLVNKSTGCKYGCLLLGKNEGCDKECKAKNQGGSYGYCYAFGCWCEGLPESTPTYPLPNKSCS
1CN2,2SN3_A,1.65E-21,80.1,61.538,97,KEGYLVDKNTGCKYECLKLGDNDYCLRECKQQYGKGAGGYCYAFACWCTHLYEQAIVWPLPNKRC,KEGYLVKKSDGCKYGCLKLGENEGCDTECKAKNQGGSYGYCYAFACWCEGLPESTPTYPLPNKSC
1CN2,1VNA_A,1.3E-20,77.8,58.462,97,KEGYLVDKNTGCKYECLKLGDNDYCLRECKQQYGKGAGGYCYAFACWCTHLYEQAIVWPLPNKRC,KEGYLVKKSDGCKYDCFWLGKNEHCNTECKAKNQGGSYGYCYAFACWCEGLPESTPTYPLPNKSC
1CN2,1B3C_A,6.1E-19,73.6,56.923,97,KEGYLVDKNTGCKYECLKLGDNDYCLRECKQQYGKGAGGYCYAFACWCTHLYEQAIVWPLPNKRC,KDGYLVEK-TGCKKTCYKLGENDFCNRECKWKHIGGSYGYCYGFGCYCEGLPDSTQTWPLPNKTC
1CN2,1I6F_A,0.000000252,43.9,41.538,97,KEGYLVDKNTGCKYECLKLGDNDYCLRECKQQYGKGAGGYCYAFACWCTHLYEQAIVWPLPNKRC,KDGYPVD-SKGCKLSCVA---NNYCDNQCKMK--KASGGHCYAMSCYCEGLPENAKVSDSATNIC
1CN2,1PE4_A,0.00000184,42,38.983,87,KEGYLVDKNTGCKYECLKLGDND-YCLRECKQQYGKGAGGYCYAFACWCTHLYEQAIVW,RDGYPLASN-GCKFGCSGLGENNPTCNHVCEKKAGSDYG-YCYAWTCYCEHVAEGTVLW
1CN2,1B7D_A,0.0000244,38.9,41.538,97,KEGYLVDKNTGCKYECLKLGDNDYCLRECKQQYGKGAGGYCYAFACWCTHLYEQAIVWPLPNKRC,KEGYLMD-HEGCKLSCF-IRPSGYCGRECGIK--KGSSGYCAWPACYCYGLPNWVKVWDRATNKC
1CN2,1NRA_A,0.035,30.8,40.678,85,KEGYLVDKNTGCKYECLKLGDNDYCLRECKQQYGKGAGGYCY--AFACWCTHLYEQAIV,KDGYPVDSGN-CKYECLK---DDYCNDLCLER--KADKGYCYWGKVSCYCYGLPDNSPT
1CN2,6THI_A,0.11,29.6,39.683,85,KEGYLVDKNTGCKYECLKLGDNDYCLRECKQQYGKGA-GGYC-----YAFACWCTHLYEQAIV,RDGYIAD-DKNCAYFC---GRNAYCDEECKK---KGAESGYCQWAGQYGNACWCYKLPDKVPI
1CN2,2I61_A,0.83,27.3,37.313,97,EGYLVDKNTGCKYECLKLGDNDYCLRECKQQYGKGAGGYCYAF--ACWCTHLYEQAIVWPLPNKRCS,DGY-IKRRDGCKVACLI--GNEGCDKECKA-YG-GSYGYCWTWGLACWCEGLPDDK-TWKSETNTCG
1CN2,1WWN_A,0.88,27.3,33.871,93,KEGYLVDKNTGCKYECLKLGDNDYCLRECKQQYGKGAGGYCYAFACWCTHLYEQAIVWPLPN,KNGYAVD-SSGKVSECLL---NNYCNNICTKVY-YATSGYCCLLSCYCFGLDDDKAVLKIKD
1CN2,1MTX_A,1.7,26.2,37.5,48,LKLGDNDYCLRECKQQYGKGAGGYCYAFACWC,VKCTSPKQCLPPCKAQFGQSAGAKCMNGKCKC
1CN2,1T0Z_A,2,26.6,36.667,90,KEGYLVDKNTGCKYECLKLGDNDYCLRECKQQYGKGAGGYCYAFACWCTHLYEQAIVWPL,KNGYAVD-SSGKVAECLF---NNYCNNECTKVY-YADKGYCCLLKCYCFGLADDKPVLDI
1CN2,1IYK_A,3.6,26.6,44,37,YECLKLGDNDYCLRECKQQYGKGAG,FNCLTCQDNTYFLKDCK--FGSGDG
1CN2,1BCG_A,6,25.4,33.871,90,KEGYLVDKNTGCKYECLKLGD--NDYCLRECKQQYGKGAGGYCYAFACWCTHLYEQAIVWPL,KNGYPLDRN-GKTTECSGVNAIAPHYCNSECTKVY-YAESGYCCWGACYCFGLEDDKPIGPM
1CN2,4KYP_A,6.1,25.4,33.871,90,KEGYLVDKNTGCKYECLKLGD--NDYCLRECKQQYGKGAGGYCYAFACWCTHLYEQAIVWPL,KNGYPLDRN-GKTTECSGVNAIAPHYCNSECTKVY-YAESGYCCWGACYCFGLEDDKPIGPM
